<?xml version="1.0" encoding="UTF-8"?>
<project-private xmlns="http://www.netbeans.org/ns/project-private/1">
    <editor-bookmarks xmlns="http://www.netbeans.org/ns/editor-bookmarks/2" lastBookmarkId="0"/>
    <open-files xmlns="http://www.netbeans.org/ns/projectui-open-files/2">
        <group>
            <file>file:/C:/Users/Boris%20Perez/Documents/NetBeansProjects/P2_U1_MatriculaCursos/src/p2/matricula/controlador/MatriculaControlador.java</file>
            <file>file:/C:/Users/Boris%20Perez/Documents/NetBeansProjects/P2_U1_MatriculaCursos/src/p2/matricula/vista/MatriculaVista.java</file>
        </group>
    </open-files>
</project-private>
